{"id": "val-en-18", "question": "Is a graphics address redressing table a type of input-output memory management unit?", "model_id": "mistral-7b-instruct-v0.2.Q6_K.gguf", "lang": "EN", "response_index": 0, "output_text": " A Graphics Address Redirection Table (GART) is not exactly the same as an Input-Output (I/O) Memory Management Unit (MMU). However, they do share some similarities in the sense that they both deal with memory mapping and translation.\n\nA GART is a data structure used in graphics processing units (GPUs) to map the memory addresses used by the GPU to the physical memory addresses in the system RAM. This allows the GPU to access larger amounts of memory than it has on-board, and also enables the use of virtual addressing.\n\nOn the other hand, an I/O MMU is a hardware component that manages the memory mapping and translation for I/O devices. Its primary function is to provide a virtual address space for I/O devices, allowing the operating system to map I/O memory regions and protect against unauthorized access.\n\nWhile both GART and I/O MMU deal with memory mapping and translation, they serve different purposes. GART is specific to graphics memory, while I/O MMU is used for I/O devices.", "output_tokens": [" A", " Graph", "ics", " Address", " Red", "irection", " Table", " (", "G", "ART", ")", " is", " not", " exactly", " the", " same", " as", " an", " Input", "-", "Output", " (", "I", "/", "O", ")", " Memory", " Management", " Unit", " (", "MM", "U", ").", " However", ",", " they", " do", " share", " some", " similar", "ities", " in", " the", " sense", " that", " they", " both", " deal", " with", " memory", " mapping", " and", " translation", ".", "\n", "\n", "A", " G", "ART", " is", " a", " data", " structure", " used", " in", " graphics", " processing", " units", " (", "GP", "Us", ")", " to", " map", " the", " memory", " addresses", " used", " by", " the", " GPU", " to", " the", " physical", " memory", " addresses", " in", " the", " system", " RAM", ".", " This", " allows", " the", " GPU", " to", " access", " larger", " amounts", " of", " memory", " than", " it", " has", " on", "-", "board", ",", " and", " also", " enables", " the", " use", " of", " virtual", " addressing", ".", "\n", "\n", "On", " the", " other", " hand", ",", " an", " I", "/", "O", " M", "M", "U", " is", " a", " hardware", " component", " that", " man", "ages", " the", " memory", " mapping", " and", " translation", " for", " I", "/", "O", " devices", ".", " Its", " primary", " function", " is", " to", " provide", " a", " virtual", " address", " space", " for", " I", "/", "O", " devices", ",", " allowing", " the", " operating", " system", " to", " map", " I", "/", "O", " memory", " regions", " and", " protect", " against", " un", "authorized", " access", ".", "\n", "\n", "While", " both", " G", "ART", " and", " I", "/", "O", " M", "M", "U", " deal", " with", " memory", " mapping", " and", " translation", ",", " they", " serve", " different", " purposes", ".", " G", "ART", " is", " specific", " to", " graphics", " memory", ",", " while", " I", "/", "O", " M", "M", "U", " is", " used", " for", " I", "/", "O", " devices", "."]}
{"id": "val-en-18", "question": "Is a graphics address redressing table a type of input-output memory management unit?", "model_id": "mistral-7b-instruct-v0.2.Q6_K.gguf", "lang": "EN", "response_index": 1, "output_text": " A Graphics Address Redirection Table (GART) is not exactly the same as an Input-Output (I/O) Memory Management Unit (MMU), but they do share some similarities in the sense that they both deal with memory mapping and addressing.\n\nA GART is a data structure used in graphics processing units (GPUs) to map the physical memory addresses used by the GPU to the virtual addresses used by the CPU. This allows the CPU and GPU to access the same memory without conflicting with each other. The GART acts as a translation layer between the GPU's memory addressing and the CPU's memory addressing.\n\nOn the other hand, an I/O MMU is a hardware component that manages the memory mapping and addressing for I/O devices. It translates virtual addresses used by the CPU into physical addresses used by the I/O devices. The I/O MMU helps to improve system performance and security by allowing the CPU to access I/O devices as if they were regular memory, while hiding the complexities of I/O device addressing and data transfer.\n\nSo while both the GART and the I/O MMU deal with memory mapping and addressing, they serve different purposes. The GART is used specifically for graphics memory mapping, while the I/O MMU is used for I/O device memory mapping.", "output_tokens": [" A", " Graph", "ics", " Address", " Red", "irection", " Table", " (", "G", "ART", ")", " is", " not", " exactly", " the", " same", " as", " an", " Input", "-", "Output", " (", "I", "/", "O", ")", " Memory", " Management", " Unit", " (", "MM", "U", "),", " but", " they", " do", " share", " some", " similar", "ities", " in", " the", " sense", " that", " they", " both", " deal", " with", " memory", " mapping", " and", " addressing", ".", "\n", "\n", "A", " G", "ART", " is", " a", " data", " structure", " used", " in", " graphics", " processing", " units", " (", "GP", "Us", ")", " to", " map", " the", " physical", " memory", " addresses", " used", " by", " the", " GPU", " to", " the", " virtual", " addresses", " used", " by", " the", " CPU", ".", " This", " allows", " the", " CPU", " and", " GPU", " to", " access", " the", " same", " memory", " without", " conflic", "ting", " with", " each", " other", ".", " The", " G", "ART", " acts", " as", " a", " translation", " layer", " between", " the", " GPU", "'", "s", " memory", " addressing", " and", " the", " CPU", "'", "s", " memory", " addressing", ".", "\n", "\n", "On", " the", " other", " hand", ",", " an", " I", "/", "O", " M", "M", "U", " is", " a", " hardware", " component", " that", " man", "ages", " the", " memory", " mapping", " and", " addressing", " for", " I", "/", "O", " devices", ".", " It", " transl", "ates", " virtual", " addresses", " used", " by", " the", " CPU", " into", " physical", " addresses", " used", " by", " the", " I", "/", "O", " devices", ".", " The", " I", "/", "O", " M", "M", "U", " helps", " to", " improve", " system", " performance", " and", " security", " by", " allowing", " the", " CPU", " to", " access", " I", "/", "O", " devices", " as", " if", " they", " were", " regular", " memory", ",", " while", " hiding", " the", " complex", "ities", " of", " I", "/", "O", " device", " addressing", " and", " data", " transfer", ".", "\n", "\n", "So", " while", " both", " the", " G", "ART", " and", " the", " I", "/", "O", " M", "M", "U", " deal", " with", " memory", " mapping", " and", " addressing", ",", " they", " serve", " different", " purposes", ".", " The", " G", "ART", " is", " used", " specifically", " for", " graphics", " memory", " mapping", ",", " while", " the", " I", "/", "O", " M", "M", "U", " is", " used", " for", " I", "/", "O", " device", " memory", " mapping", "."]}
{"id": "val-en-18", "question": "Is a graphics address redressing table a type of input-output memory management unit?", "model_id": "mistral-7b-instruct-v0.2.Q6_K.gguf", "lang": "EN", "response_index": 2, "output_text": " A Graphics Address Redirection Table (GART) is not exactly the same as an Input-Output (I/O) Memory Management Unit (MMU). However, they do share some similarities in the sense that they both deal with memory mapping and translation.\n\nA GART is a data structure used in graphics processing units (GPUs) to map the physical memory addresses used by the GPU to the virtual addresses used by the CPU. This allows the CPU and GPU to access the same memory without conflicting with each other. The GART acts as a translation layer between the GPU's memory addressing and the CPU's memory addressing.\n\nOn the other hand, an I/O MMU is a hardware component that manages the memory mapping and translation for I/O devices. It allows the CPU to access I/O devices as if they were regular memory, while hiding the complexities of I/O addressing and data transfer.\n\nSo while both the GART and the I/O MMU deal with memory mapping and translation, they serve different purposes. The GART is specific to graphics memory, while the I/O MMU is used for I/O devices.", "output_tokens": [" A", " Graph", "ics", " Address", " Red", "irection", " Table", " (", "G", "ART", ")", " is", " not", " exactly", " the", " same", " as", " an", " Input", "-", "Output", " (", "I", "/", "O", ")", " Memory", " Management", " Unit", " (", "MM", "U", ").", " However", ",", " they", " do", " share", " some", " similar", "ities", " in", " the", " sense", " that", " they", " both", " deal", " with", " memory", " mapping", " and", " translation", ".", "\n", "\n", "A", " G", "ART", " is", " a", " data", " structure", " used", " in", " graphics", " processing", " units", " (", "GP", "Us", ")", " to", " map", " the", " physical", " memory", " addresses", " used", " by", " the", " GPU", " to", " the", " virtual", " addresses", " used", " by", " the", " CPU", ".", " This", " allows", " the", " CPU", " and", " GPU", " to", " access", " the", " same", " memory", " without", " conflic", "ting", " with", " each", " other", ".", " The", " G", "ART", " acts", " as", " a", " translation", " layer", " between", " the", " GPU", "'", "s", " memory", " addressing", " and", " the", " CPU", "'", "s", " memory", " addressing", ".", "\n", "\n", "On", " the", " other", " hand", ",", " an", " I", "/", "O", " M", "M", "U", " is", " a", " hardware", " component", " that", " man", "ages", " the", " memory", " mapping", " and", " translation", " for", " I", "/", "O", " devices", ".", " It", " allows", " the", " CPU", " to", " access", " I", "/", "O", " devices", " as", " if", " they", " were", " regular", " memory", ",", " while", " hiding", " the", " complex", "ities", " of", " I", "/", "O", " addressing", " and", " data", " transfer", ".", "\n", "\n", "So", " while", " both", " the", " G", "ART", " and", " the", " I", "/", "O", " M", "M", "U", " deal", " with", " memory", " mapping", " and", " translation", ",", " they", " serve", " different", " purposes", ".", " The", " G", "ART", " is", " specific", " to", " graphics", " memory", ",", " while", " the", " I", "/", "O", " M", "M", "U", " is", " used", " for", " I", "/", "O", " devices", "."]}
{"id": "val-en-18", "question": "Is a graphics address redressing table a type of input-output memory management unit?", "model_id": "mistral-7b-instruct-v0.2.Q6_K.gguf", "lang": "EN", "response_index": 3, "output_text": " A Graphics Address Redirection Table (GART) is not exactly the same as an Input-Output (I/O) Memory Management Unit (MMU). However, they do share some similarities in the sense that they both deal with memory management for specific types of data.\n\nA GART is a data structure used in graphics processing units (GPUs) to manage memory addresses for graphics data. It allows the GPU to access graphics memory that may not be physically located in the same address space as the GPU. This is useful for managing large graphics memory pools that may not fit entirely within the GPU's onboard memory.\n\nOn the other hand, an I/O MMU is a hardware component that manages the memory mapping for I/O devices. It translates I/O device addresses used by the CPU into physical memory addresses where the data is actually stored. This allows the CPU to access I/O data as if it were located in main memory, even if it is physically located in a different part of the system.\n\nSo while both GARTs and I/O MMUs deal with memory management, they serve different purposes. A GART is used specifically for managing graphics memory addresses, while an I/O MMU is used for managing memory addresses for I/O devices.", "output_tokens": [" A", " Graph", "ics", " Address", " Red", "irection", " Table", " (", "G", "ART", ")", " is", " not", " exactly", " the", " same", " as", " an", " Input", "-", "Output", " (", "I", "/", "O", ")", " Memory", " Management", " Unit", " (", "MM", "U", ").", " However", ",", " they", " do", " share", " some", " similar", "ities", " in", " the", " sense", " that", " they", " both", " deal", " with", " memory", " management", " for", " specific", " types", " of", " data", ".", "\n", "\n", "A", " G", "ART", " is", " a", " data", " structure", " used", " in", " graphics", " processing", " units", " (", "GP", "Us", ")", " to", " manage", " memory", " addresses", " for", " graphics", " data", ".", " It", " allows", " the", " GPU", " to", " access", " graphics", " memory", " that", " may", " not", " be", " physically", " located", " in", " the", " same", " address", " space", " as", " the", " GPU", ".", " This", " is", " useful", " for", " managing", " large", " graphics", " memory", " pool", "s", " that", " may", " not", " fit", " entirely", " within", " the", " GPU", "'", "s", " on", "board", " memory", ".", "\n", "\n", "On", " the", " other", " hand", ",", " an", " I", "/", "O", " M", "M", "U", " is", " a", " hardware", " component", " that", " man", "ages", " the", " memory", " mapping", " for", " I", "/", "O", " devices", ".", " It", " transl", "ates", " I", "/", "O", " device", " addresses", " used", " by", " the", " CPU", " into", " physical", " memory", " addresses", " where", " the", " data", " is", " actually", " stored", ".", " This", " allows", " the", " CPU", " to", " access", " I", "/", "O", " data", " as", " if", " it", " were", " located", " in", " main", " memory", ",", " even", " if", " it", " is", " physically", " located", " in", " a", " different", " part", " of", " the", " system", ".", "\n", "\n", "So", " while", " both", " G", "ART", "s", " and", " I", "/", "O", " M", "M", "Us", " deal", " with", " memory", " management", ",", " they", " serve", " different", " purposes", ".", " A", " G", "ART", " is", " used", " specifically", " for", " managing", " graphics", " memory", " addresses", ",", " while", " an", " I", "/", "O", " M", "M", "U", " is", " used", " for", " managing", " memory", " addresses", " for", " I", "/", "O", " devices", "."]}
{"id": "val-en-18", "question": "Is a graphics address redressing table a type of input-output memory management unit?", "model_id": "mistral-7b-instruct-v0.2.Q6_K.gguf", "lang": "EN", "response_index": 4, "output_text": " A Graphics Address Redirection Table (GART) is not exactly the same as an Input-Output (I/O) Memory Management Unit (MMU), but they do share some similarities in the sense that they both deal with memory mapping and addressing.\n\nA GART is a data structure used in graphics processing units (GPUs) to map the physical memory addresses used by the GPU to the virtual addresses used by the CPU. This allows the CPU and GPU to access the same memory without conflicting with each other. The GART acts as a translation layer between the GPU's memory addressing and the CPU's memory addressing.\n\nOn the other hand, an I/O MMU is a hardware component that manages the memory mapping and addressing for I/O devices. It translates virtual addresses used by the CPU into physical addresses used by the I/O devices. The I/O MMU helps to improve system performance and security by allowing the CPU to access I/O devices as if they were regular memory, while hiding the complexities of I/O device addressing and data transfer.\n\nSo, while both GART and I/O MMU deal with memory mapping and addressing, they serve different purposes. GART is used for graphics memory addressing, while I/O MMU is used for I/O device memory addressing.", "output_tokens": [" A", " Graph", "ics", " Address", " Red", "irection", " Table", " (", "G", "ART", ")", " is", " not", " exactly", " the", " same", " as", " an", " Input", "-", "Output", " (", "I", "/", "O", ")", " Memory", " Management", " Unit", " (", "MM", "U", "),", " but", " they", " do", " share", " some", " similar", "ities", " in", " the", " sense", " that", " they", " both", " deal", " with", " memory", " mapping", " and", " addressing", ".", "\n", "\n", "A", " G", "ART", " is", " a", " data", " structure", " used", " in", " graphics", " processing", " units", " (", "GP", "Us", ")", " to", " map", " the", " physical", " memory", " addresses", " used", " by", " the", " GPU", " to", " the", " virtual", " addresses", " used", " by", " the", " CPU", ".", " This", " allows", " the", " CPU", " and", " GPU", " to", " access", " the", " same", " memory", " without", " conflic", "ting", " with", " each", " other", ".", " The", " G", "ART", " acts", " as", " a", " translation", " layer", " between", " the", " GPU", "'", "s", " memory", " addressing", " and", " the", " CPU", "'", "s", " memory", " addressing", ".", "\n", "\n", "On", " the", " other", " hand", ",", " an", " I", "/", "O", " M", "M", "U", " is", " a", " hardware", " component", " that", " man", "ages", " the", " memory", " mapping", " and", " addressing", " for", " I", "/", "O", " devices", ".", " It", " transl", "ates", " virtual", " addresses", " used", " by", " the", " CPU", " into", " physical", " addresses", " used", " by", " the", " I", "/", "O", " devices", ".", " The", " I", "/", "O", " M", "M", "U", " helps", " to", " improve", " system", " performance", " and", " security", " by", " allowing", " the", " CPU", " to", " access", " I", "/", "O", " devices", " as", " if", " they", " were", " regular", " memory", ",", " while", " hiding", " the", " complex", "ities", " of", " I", "/", "O", " device", " addressing", " and", " data", " transfer", ".", "\n", "\n", "So", ",", " while", " both", " G", "ART", " and", " I", "/", "O", " M", "M", "U", " deal", " with", " memory", " mapping", " and", " addressing", ",", " they", " serve", " different", " purposes", ".", " G", "ART", " is", " used", " for", " graphics", " memory", " addressing", ",", " while", " I", "/", "O", " M", "M", "U", " is", " used", " for", " I", "/", "O", " device", " memory", " addressing", "."]}
{"id": "val-en-20", "question": "In which oblast is Nizhny Tagil located?", "model_id": "mistral-7b-instruct-v0.2.Q6_K.gguf", "lang": "EN", "response_index": 0, "output_text": " Nizhny Tagil is a city located in the Sverdlovsk Oblast (province) of Russia. It is the third-largest city in the oblast and is known for its heavy industry, particularly in metallurgy and machine building.", "output_tokens": [" N", "iz", "h", "ny", " Tag", "il", " is", " a", " city", " located", " in", " the", " Sver", "dl", "ov", "sk", " O", "bl", "ast", " (", "prov", "ince", ")", " of", " Russia", ".", " It", " is", " the", " third", "-", "larg", "est", " city", " in", " the", " ob", "last", " and", " is", " known", " for", " its", " heavy", " industry", ",", " particularly", " in", " metall", "ur", "gy", " and", " machine", " building", "."]}
{"id": "val-en-20", "question": "In which oblast is Nizhny Tagil located?", "model_id": "mistral-7b-instruct-v0.2.Q6_K.gguf", "lang": "EN", "response_index": 1, "output_text": " Nizhny Tagil is a city located in the Sverdlovsk Oblast (province) of Russia. It is the third-largest city in the oblast and an important industrial center, known for its metallurgical and machine-building industries.", "output_tokens": [" N", "iz", "h", "ny", " Tag", "il", " is", " a", " city", " located", " in", " the", " Sver", "dl", "ov", "sk", " O", "bl", "ast", " (", "prov", "ince", ")", " of", " Russia", ".", " It", " is", " the", " third", "-", "larg", "est", " city", " in", " the", " ob", "last", " and", " an", " important", " industrial", " center", ",", " known", " for", " its", " metall", "urg", "ical", " and", " machine", "-", "building", " industries", "."]}
{"id": "val-en-20", "question": "In which oblast is Nizhny Tagil located?", "model_id": "mistral-7b-instruct-v0.2.Q6_K.gguf", "lang": "EN", "response_index": 2, "output_text": " Nizhny Tagil is a city located in the Sverdlovsk Oblast (region) of Russia. It is the third-largest city in the oblast and is known for its heavy industry, particularly in metallurgy and machine building.", "output_tokens": [" N", "iz", "h", "ny", " Tag", "il", " is", " a", " city", " located", " in", " the", " Sver", "dl", "ov", "sk", " O", "bl", "ast", " (", "region", ")", " of", " Russia", ".", " It", " is", " the", " third", "-", "larg", "est", " city", " in", " the", " ob", "last", " and", " is", " known", " for", " its", " heavy", " industry", ",", " particularly", " in", " metall", "ur", "gy", " and", " machine", " building", "."]}
{"id": "val-en-20", "question": "In which oblast is Nizhny Tagil located?", "model_id": "mistral-7b-instruct-v0.2.Q6_K.gguf", "lang": "EN", "response_index": 3, "output_text": " Nizhny Tagil is a city located in the Sverdlovsk Oblast (region) of Russia. It is the third-largest city in the oblast and is known for its heavy industry, particularly in metallurgy and machine building.", "output_tokens": [" N", "iz", "h", "ny", " Tag", "il", " is", " a", " city", " located", " in", " the", " Sver", "dl", "ov", "sk", " O", "bl", "ast", " (", "region", ")", " of", " Russia", ".", " It", " is", " the", " third", "-", "larg", "est", " city", " in", " the", " ob", "last", " and", " is", " known", " for", " its", " heavy", " industry", ",", " particularly", " in", " metall", "ur", "gy", " and", " machine", " building", "."]}
{"id": "val-en-20", "question": "In which oblast is Nizhny Tagil located?", "model_id": "mistral-7b-instruct-v0.2.Q6_K.gguf", "lang": "EN", "response_index": 4, "output_text": " Nizhny Tagil is a city located in the Sverdlovsk Oblast (region) of Russia. It is the third-largest city in the oblast and is known for its heavy industry, particularly in metallurgy and machine building.", "output_tokens": [" N", "iz", "h", "ny", " Tag", "il", " is", " a", " city", " located", " in", " the", " Sver", "dl", "ov", "sk", " O", "bl", "ast", " (", "region", ")", " of", " Russia", ".", " It", " is", " the", " third", "-", "larg", "est", " city", " in", " the", " ob", "last", " and", " is", " known", " for", " its", " heavy", " industry", ",", " particularly", " in", " metall", "ur", "gy", " and", " machine", " building", "."]}
{"id": "val-en-22", "question": "Where do Hamilton Academical F.C.'s play their home matches?", "model_id": "mistral-7b-instruct-v0.2.Q6_K.gguf", "lang": "EN", "response_index": 0, "output_text": " Hamilton Academical Football Club plays their home matches at New Douglas Park, which is located in Hamilton, South Lanarkshire, Scotland. The stadium has a capacity of around 6,000 spectators.", "output_tokens": [" Hamilton", " Academ", "ical", " Football", " Club", " plays", " their", " home", " matches", " at", " New", " Douglas", " Park", ",", " which", " is", " located", " in", " Hamilton", ",", " South", " Lan", "ark", "shire", ",", " Scotland", ".", " The", " stadium", " has", " a", " capacity", " of", " around", " ", "6", ",", "0", "0", "0", " spect", "ators", "."]}
{"id": "val-en-22", "question": "Where do Hamilton Academical F.C.'s play their home matches?", "model_id": "mistral-7b-instruct-v0.2.Q6_K.gguf", "lang": "EN", "response_index": 1, "output_text": " Hamilton Academical Football Club plays their home matches at New Douglas Park, which is located in Hamilton, South Lanarkshire, Scotland. The stadium has a capacity of around 6,000 and has been the home ground of Hamilton Academical since 1878, making it one of the oldest football grounds in the world.", "output_tokens": [" Hamilton", " Academ", "ical", " Football", " Club", " plays", " their", " home", " matches", " at", " New", " Douglas", " Park", ",", " which", " is", " located", " in", " Hamilton", ",", " South", " Lan", "ark", "shire", ",", " Scotland", ".", " The", " stadium", " has", " a", " capacity", " of", " around", " ", "6", ",", "0", "0", "0", " and", " has", " been", " the", " home", " ground", " of", " Hamilton", " Academ", "ical", " since", " ", "1", "8", "7", "8", ",", " making", " it", " one", " of", " the", " oldest", " football", " grounds", " in", " the", " world", "."]}
{"id": "val-en-22", "question": "Where do Hamilton Academical F.C.'s play their home matches?", "model_id": "mistral-7b-instruct-v0.2.Q6_K.gguf", "lang": "EN", "response_index": 2, "output_text": " Hamilton Academical Football Club plays their home matches at New Douglas Park, which is located in Hamilton, South Lanarkshire, Scotland. The stadium has a capacity of around 6,000 and has been the home ground of Hamilton Academical since 1878, making it one of the oldest football grounds in the world.", "output_tokens": [" Hamilton", " Academ", "ical", " Football", " Club", " plays", " their", " home", " matches", " at", " New", " Douglas", " Park", ",", " which", " is", " located", " in", " Hamilton", ",", " South", " Lan", "ark", "shire", ",", " Scotland", ".", " The", " stadium", " has", " a", " capacity", " of", " around", " ", "6", ",", "0", "0", "0", " and", " has", " been", " the", " home", " ground", " of", " Hamilton", " Academ", "ical", " since", " ", "1", "8", "7", "8", ",", " making", " it", " one", " of", " the", " oldest", " football", " grounds", " in", " the", " world", "."]}
{"id": "val-en-22", "question": "Where do Hamilton Academical F.C.'s play their home matches?", "model_id": "mistral-7b-instruct-v0.2.Q6_K.gguf", "lang": "EN", "response_index": 3, "output_text": " Hamilton Academical Football Club plays their home matches at New Douglas Park, which is located in Hamilton, South Lanarkshire, Scotland. The stadium has a capacity of around 6,000 and has been the home ground of Hamilton Academical since 1878, making it one of the oldest football grounds in the world.", "output_tokens": [" Hamilton", " Academ", "ical", " Football", " Club", " plays", " their", " home", " matches", " at", " New", " Douglas", " Park", ",", " which", " is", " located", " in", " Hamilton", ",", " South", " Lan", "ark", "shire", ",", " Scotland", ".", " The", " stadium", " has", " a", " capacity", " of", " around", " ", "6", ",", "0", "0", "0", " and", " has", " been", " the", " home", " ground", " of", " Hamilton", " Academ", "ical", " since", " ", "1", "8", "7", "8", ",", " making", " it", " one", " of", " the", " oldest", " football", " grounds", " in", " the", " world", "."]}
{"id": "val-en-22", "question": "Where do Hamilton Academical F.C.'s play their home matches?", "model_id": "mistral-7b-instruct-v0.2.Q6_K.gguf", "lang": "EN", "response_index": 4, "output_text": " Hamilton Academical Football Club plays their home matches at New Douglas Park, which is located in Hamilton, South Lanarkshire, Scotland. The stadium has a capacity of around 6,000 and has been the home ground of Hamilton Academical since 1878, making it one of the oldest football grounds in the world.", "output_tokens": [" Hamilton", " Academ", "ical", " Football", " Club", " plays", " their", " home", " matches", " at", " New", " Douglas", " Park", ",", " which", " is", " located", " in", " Hamilton", ",", " South", " Lan", "ark", "shire", ",", " Scotland", ".", " The", " stadium", " has", " a", " capacity", " of", " around", " ", "6", ",", "0", "0", "0", " and", " has", " been", " the", " home", " ground", " of", " Hamilton", " Academ", "ical", " since", " ", "1", "8", "7", "8", ",", " making", " it", " one", " of", " the", " oldest", " football", " grounds", " in", " the", " world", "."]}
{"id": "val-en-23", "question": "When was the municipality of Delley-Portalban created?", "model_id": "mistral-7b-instruct-v0.2.Q6_K.gguf", "lang": "EN", "response_index": 0, "output_text": " Delley-Portalban is a municipality in the Canton of Jura, Switzerland. The exact date of its creation is not readily available in my database. However, I can provide some context.\n\nDelley and Portalban were two separate municipalities until they merged on January 1, 1973. Delley was first mentioned in 1275 as \"Deli,\" and Portalban was first mentioned in 1335 as \"Portalban.\" The merger was likely a result of the municipal restructuring that occurred in Switzerland during the second half of the 20th century.\n\nI hope this information is helpful. If you have a more specific date in mind or if you require additional information, please let me know.", "output_tokens": [" Del", "ley", "-", "Port", "al", "ban", " is", " a", " municip", "ality", " in", " the", " C", "anton", " of", " J", "ura", ",", " Switzerland", ".", " The", " exact", " date", " of", " its", " creation", " is", " not", " readily", " available", " in", " my", " database", ".", " However", ",", " I", " can", " provide", " some", " context", ".", "\n", "\n", "Del", "ley", " and", " Portal", "ban", " were", " two", " separate", " municipal", "ities", " until", " they", " merged", " on", " January", " ", "1", ",", " ", "1", "9", "7", "3", ".", " Del", "ley", " was", " first", " mentioned", " in", " ", "1", "2", "7", "5", " as", " \"", "Del", "i", ",\"", " and", " Portal", "ban", " was", " first", " mentioned", " in", " ", "1", "3", "3", "5", " as", " \"", "Port", "al", "ban", ".\"", " The", " mer", "ger", " was", " likely", " a", " result", " of", " the", " municipal", " re", "struct", "uring", " that", " occurred", " in", " Switzerland", " during", " the", " second", " half", " of", " the", " ", "2", "0", "th", " century", ".", "\n", "\n", "I", " hope", " this", " information", " is", " helpful", ".", " If", " you", " have", " a", " more", " specific", " date", " in", " mind", " or", " if", " you", " require", " additional", " information", ",", " please", " let", " me", " know", "."]}
{"id": "val-en-23", "question": "When was the municipality of Delley-Portalban created?", "model_id": "mistral-7b-instruct-v0.2.Q6_K.gguf", "lang": "EN", "response_index": 1, "output_text": " Delley-Portalban is a municipality located in the Canton of Jura, Switzerland. The exact date of its creation is not readily available in my current database. However, I can provide some context.\n\nDelley and Portalban were two separate municipalities until they merged on January 1, 1973. Delley was first mentioned in 1228 as \"Deli,\" and Portalban was first mentioned in 1275 as \"Portalban.\" The merger was likely a result of the municipal restructuring that occurred in Switzerland during the second half of the 20th century.\n\nI hope this information is helpful. If you have a more specific date in mind or need further details, please let me know.", "output_tokens": [" Del", "ley", "-", "Port", "al", "ban", " is", " a", " municip", "ality", " located", " in", " the", " C", "anton", " of", " J", "ura", ",", " Switzerland", ".", " The", " exact", " date", " of", " its", " creation", " is", " not", " readily", " available", " in", " my", " current", " database", ".", " However", ",", " I", " can", " provide", " some", " context", ".", "\n", "\n", "Del", "ley", " and", " Portal", "ban", " were", " two", " separate", " municipal", "ities", " until", " they", " merged", " on", " January", " ", "1", ",", " ", "1", "9", "7", "3", ".", " Del", "ley", " was", " first", " mentioned", " in", " ", "1", "2", "2", "8", " as", " \"", "Del", "i", ",\"", " and", " Portal", "ban", " was", " first", " mentioned", " in", " ", "1", "2", "7", "5", " as", " \"", "Port", "al", "ban", ".\"", " The", " mer", "ger", " was", " likely", " a", " result", " of", " the", " municipal", " re", "struct", "uring", " that", " occurred", " in", " Switzerland", " during", " the", " second", " half", " of", " the", " ", "2", "0", "th", " century", ".", "\n", "\n", "I", " hope", " this", " information", " is", " helpful", ".", " If", " you", " have", " a", " more", " specific", " date", " in", " mind", " or", " need", " further", " details", ",", " please", " let", " me", " know", "."]}
{"id": "val-en-23", "question": "When was the municipality of Delley-Portalban created?", "model_id": "mistral-7b-instruct-v0.2.Q6_K.gguf", "lang": "EN", "response_index": 2, "output_text": " Delley-Portalban is a municipality located in the Canton of Jura, Switzerland. The exact date of its creation is not readily available in my current database. However, I can provide some context.\n\nDelley and Portalban were two separate municipalities until they merged on January 1, 1973. Delley was first mentioned in 1275 as \"Deli,\" and Portalban was first mentioned in 1283 as \"Portalban.\" The merger was likely a result of the municipal restructuring that occurred in Switzerland during the second half of the 20th century.\n\nIf you require more specific information, I would recommend contacting the municipal offices of Delley-Portalban or the cantonal archives in Del D\u00e9l\u00e9mont, Switzerland. They should have access to more detailed records.", "output_tokens": [" Del", "ley", "-", "Port", "al", "ban", " is", " a", " municip", "ality", " located", " in", " the", " C", "anton", " of", " J", "ura", ",", " Switzerland", ".", " The", " exact", " date", " of", " its", " creation", " is", " not", " readily", " available", " in", " my", " current", " database", ".", " However", ",", " I", " can", " provide", " some", " context", ".", "\n", "\n", "Del", "ley", " and", " Portal", "ban", " were", " two", " separate", " municipal", "ities", " until", " they", " merged", " on", " January", " ", "1", ",", " ", "1", "9", "7", "3", ".", " Del", "ley", " was", " first", " mentioned", " in", " ", "1", "2", "7", "5", " as", " \"", "Del", "i", ",\"", " and", " Portal", "ban", " was", " first", " mentioned", " in", " ", "1", "2", "8", "3", " as", " \"", "Port", "al", "ban", ".\"", " The", " mer", "ger", " was", " likely", " a", " result", " of", " the", " municipal", " re", "struct", "uring", " that", " occurred", " in", " Switzerland", " during", " the", " second", " half", " of", " the", " ", "2", "0", "th", " century", ".", "\n", "\n", "If", " you", " require", " more", " specific", " information", ",", " I", " would", " recommend", " contact", "ing", " the", " municipal", " offices", " of", " Del", "ley", "-", "Port", "al", "ban", " or", " the", " cant", "onal", " arch", "ives", " in", " Del", " D", "\u00e9l", "\u00e9m", "ont", ",", " Switzerland", ".", " They", " should", " have", " access", " to", " more", " detailed", " records", "."]}
{"id": "val-en-23", "question": "When was the municipality of Delley-Portalban created?", "model_id": "mistral-7b-instruct-v0.2.Q6_K.gguf", "lang": "EN", "response_index": 3, "output_text": " Delley-Portalban is a municipality located in the Canton of Jura, Switzerland. The exact date of its creation is not readily available in my current database. However, I can provide some context.\n\nDelley and Portalban were two separate municipalities until they merged on January 1, 1973. Delley was first mentioned in 1275 as \"Deli,\" and Portalban was first mentioned in 1327 as \"Portalban.\" The merger likely took place in the context of the wave of municipal mergers that occurred in Switzerland in the 1960s and 1970s as part of an effort to reduce administrative costs and improve efficiency.\n\nI hope this information is helpful. If you have a more specific date in mind or if you require additional information, please let me know.", "output_tokens": [" Del", "ley", "-", "Port", "al", "ban", " is", " a", " municip", "ality", " located", " in", " the", " C", "anton", " of", " J", "ura", ",", " Switzerland", ".", " The", " exact", " date", " of", " its", " creation", " is", " not", " readily", " available", " in", " my", " current", " database", ".", " However", ",", " I", " can", " provide", " some", " context", ".", "\n", "\n", "Del", "ley", " and", " Portal", "ban", " were", " two", " separate", " municipal", "ities", " until", " they", " merged", " on", " January", " ", "1", ",", " ", "1", "9", "7", "3", ".", " Del", "ley", " was", " first", " mentioned", " in", " ", "1", "2", "7", "5", " as", " \"", "Del", "i", ",\"", " and", " Portal", "ban", " was", " first", " mentioned", " in", " ", "1", "3", "2", "7", " as", " \"", "Port", "al", "ban", ".\"", " The", " mer", "ger", " likely", " took", " place", " in", " the", " context", " of", " the", " wave", " of", " municipal", " mer", "gers", " that", " occurred", " in", " Switzerland", " in", " the", " ", "1", "9", "6", "0", "s", " and", " ", "1", "9", "7", "0", "s", " as", " part", " of", " an", " effort", " to", " reduce", " administrative", " costs", " and", " improve", " efficiency", ".", "\n", "\n", "I", " hope", " this", " information", " is", " helpful", ".", " If", " you", " have", " a", " more", " specific", " date", " in", " mind", " or", " if", " you", " require", " additional", " information", ",", " please", " let", " me", " know", "."]}
{"id": "val-en-23", "question": "When was the municipality of Delley-Portalban created?", "model_id": "mistral-7b-instruct-v0.2.Q6_K.gguf", "lang": "EN", "response_index": 4, "output_text": " Delley-Portalban is a municipality located in the Canton of Jura, Switzerland. The exact date of its creation is not readily available in my current database. However, I can provide some context.\n\nDelley and Portalban were two separate municipalities until they merged on January 1, 1973. Delley was first mentioned in 1228 as \"Delei,\" and Portalban was first mentioned in 1275 as \"Portalban.\" The merger of the two municipalities was likely a result of the consolidation efforts that took place in Switzerland during the second half of the 20th century.\n\nI hope this information is helpful. If you need more specific details, I would recommend contacting the Canton of Jura or the Delley-Portalban municipality directly for more accurate information.", "output_tokens": [" Del", "ley", "-", "Port", "al", "ban", " is", " a", " municip", "ality", " located", " in", " the", " C", "anton", " of", " J", "ura", ",", " Switzerland", ".", " The", " exact", " date", " of", " its", " creation", " is", " not", " readily", " available", " in", " my", " current", " database", ".", " However", ",", " I", " can", " provide", " some", " context", ".", "\n", "\n", "Del", "ley", " and", " Portal", "ban", " were", " two", " separate", " municipal", "ities", " until", " they", " merged", " on", " January", " ", "1", ",", " ", "1", "9", "7", "3", ".", " Del", "ley", " was", " first", " mentioned", " in", " ", "1", "2", "2", "8", " as", " \"", "De", "le", "i", ",\"", " and", " Portal", "ban", " was", " first", " mentioned", " in", " ", "1", "2", "7", "5", " as", " \"", "Port", "al", "ban", ".\"", " The", " mer", "ger", " of", " the", " two", " municipal", "ities", " was", " likely", " a", " result", " of", " the", " consolid", "ation", " efforts", " that", " took", " place", " in", " Switzerland", " during", " the", " second", " half", " of", " the", " ", "2", "0", "th", " century", ".", "\n", "\n", "I", " hope", " this", " information", " is", " helpful", ".", " If", " you", " need", " more", " specific", " details", ",", " I", " would", " recommend", " contact", "ing", " the", " C", "anton", " of", " J", "ura", " or", " the", " Del", "ley", "-", "Port", "al", "ban", " municip", "ality", " directly", " for", " more", " accurate", " information", "."]}
{"id": "val-en-25", "question": "In which year were the Gampel and Bratsch municipalities merged?", "model_id": "mistral-7b-instruct-v0.2.Q6_K.gguf", "lang": "EN", "response_index": 0, "output_text": " I apologize for the confusion, but I cannot provide an exact answer to your question as there seems to be no record of the merger of Gampel and Bratsch municipalities in Switzerland. Both are currently independent political entities located in the canton of Graub\u00fcnden.", "output_tokens": [" I", " apolog", "ize", " for", " the", " confusion", ",", " but", " I", " cannot", " provide", " an", " exact", " answer", " to", " your", " question", " as", " there", " seems", " to", " be", " no", " record", " of", " the", " mer", "ger", " of", " G", "amp", "el", " and", " Br", "ats", "ch", " municipal", "ities", " in", " Switzerland", ".", " Both", " are", " currently", " independent", " political", " entities", " located", " in", " the", " cant", "on", " of", " Gra", "ub", "\u00fcnd", "en", "."]}
{"id": "val-en-25", "question": "In which year were the Gampel and Bratsch municipalities merged?", "model_id": "mistral-7b-instruct-v0.2.Q6_K.gguf", "lang": "EN", "response_index": 1, "output_text": " I apologize for the confusion, but I cannot provide you with an exact answer to your question as there seems to be a lack of specific information regarding the merger of Gampel and Bratsch municipalities. Both Gampel and Bratsch are small communes located in the canton of Graub\u00fcnden, Switzerland. However, I did find some information suggesting that they merged in 1995, but I cannot confirm this with absolute certainty. If you have access to more detailed information, please let me know and I will do my best to help you.", "output_tokens": [" I", " apolog", "ize", " for", " the", " confusion", ",", " but", " I", " cannot", " provide", " you", " with", " an", " exact", " answer", " to", " your", " question", " as", " there", " seems", " to", " be", " a", " lack", " of", " specific", " information", " regarding", " the", " mer", "ger", " of", " G", "amp", "el", " and", " Br", "ats", "ch", " municipal", "ities", ".", " Both", " G", "amp", "el", " and", " Br", "ats", "ch", " are", " small", " communes", " located", " in", " the", " cant", "on", " of", " Gra", "ub", "\u00fcnd", "en", ",", " Switzerland", ".", " However", ",", " I", " did", " find", " some", " information", " suggesting", " that", " they", " merged", " in", " ", "1", "9", "9", "5", ",", " but", " I", " cannot", " confirm", " this", " with", " absolute", " certain", "ty", ".", " If", " you", " have", " access", " to", " more", " detailed", " information", ",", " please", " let", " me", " know", " and", " I", " will", " do", " my", " best", " to", " help", " you", "."]}
{"id": "val-en-25", "question": "In which year were the Gampel and Bratsch municipalities merged?", "model_id": "mistral-7b-instruct-v0.2.Q6_K.gguf", "lang": "EN", "response_index": 2, "output_text": " I apologize for the confusion, but I cannot provide you with an exact answer to your question. The merger of Gampel and Bratsch municipalities did take place in the Canton of Graub\u00fcnden, Switzerland, but the exact year is not readily available in my current database. I would recommend checking with the local authorities or the cantonal archives for the most accurate information.", "output_tokens": [" I", " apolog", "ize", " for", " the", " confusion", ",", " but", " I", " cannot", " provide", " you", " with", " an", " exact", " answer", " to", " your", " question", ".", " The", " mer", "ger", " of", " G", "amp", "el", " and", " Br", "ats", "ch", " municipal", "ities", " did", " take", " place", " in", " the", " C", "anton", " of", " Gra", "ub", "\u00fcnd", "en", ",", " Switzerland", ",", " but", " the", " exact", " year", " is", " not", " readily", " available", " in", " my", " current", " database", ".", " I", " would", " recommend", " checking", " with", " the", " local", " authorities", " or", " the", " cant", "onal", " arch", "ives", " for", " the", " most", " accurate", " information", "."]}
{"id": "val-en-25", "question": "In which year were the Gampel and Bratsch municipalities merged?", "model_id": "mistral-7b-instruct-v0.2.Q6_K.gguf", "lang": "EN", "response_index": 3, "output_text": " I apologize for the confusion, but I cannot provide you with an exact answer to your question. The merger of Gampel and Bratsch municipalities did take place in the Canton of Graub\u00fcnden, Switzerland, but the exact year is not readily available in my current database. I would recommend checking with the local authorities or the cantonal archives for the most accurate information.", "output_tokens": [" I", " apolog", "ize", " for", " the", " confusion", ",", " but", " I", " cannot", " provide", " you", " with", " an", " exact", " answer", " to", " your", " question", ".", " The", " mer", "ger", " of", " G", "amp", "el", " and", " Br", "ats", "ch", " municipal", "ities", " did", " take", " place", " in", " the", " C", "anton", " of", " Gra", "ub", "\u00fcnd", "en", ",", " Switzerland", ",", " but", " the", " exact", " year", " is", " not", " readily", " available", " in", " my", " current", " database", ".", " I", " would", " recommend", " checking", " with", " the", " local", " authorities", " or", " the", " cant", "onal", " arch", "ives", " for", " the", " most", " accurate", " information", "."]}
{"id": "val-en-25", "question": "In which year were the Gampel and Bratsch municipalities merged?", "model_id": "mistral-7b-instruct-v0.2.Q6_K.gguf", "lang": "EN", "response_index": 4, "output_text": " I apologize for the confusion, but I cannot provide you with an exact answer as I do not have access to specific historical records or information about when the Gampel and Bratsch municipalities were merged. These types of details are typically documented in local records and archives, and I would recommend contacting the relevant authorities or historical societies for the most accurate information.", "output_tokens": [" I", " apolog", "ize", " for", " the", " confusion", ",", " but", " I", " cannot", " provide", " you", " with", " an", " exact", " answer", " as", " I", " do", " not", " have", " access", " to", " specific", " historical", " records", " or", " information", " about", " when", " the", " G", "amp", "el", " and", " Br", "ats", "ch", " municipal", "ities", " were", " merged", ".", " These", " types", " of", " details", " are", " typically", " documented", " in", " local", " records", " and", " arch", "ives", ",", " and", " I", " would", " recommend", " contact", "ing", " the", " relevant", " authorities", " or", " historical", " societies", " for", " the", " most", " accurate", " information", "."]}
{"id": "val-en-26", "question": "Is the Arts and Humanities Citation Index still maintained?", "model_id": "mistral-7b-instruct-v0.2.Q6_K.gguf", "lang": "EN", "response_index": 0, "output_text": " The Arts and Humanities Citation Index (AHCI) is not a standalone database anymore. It was merged with the Web of Science Core Collection in 1997 and is now part of this multidisciplinary index. The Web of Science Core Collection is updated regularly, so the arts and humanities content is still being maintained and indexed.", "output_tokens": [" The", " Arts", " and", " Human", "ities", " C", "itation", " Index", " (", "AH", "CI", ")", " is", " not", " a", " stand", "alone", " database", " anymore", ".", " It", " was", " merged", " with", " the", " Web", " of", " Science", " Core", " Collection", " in", " ", "1", "9", "9", "7", " and", " is", " now", " part", " of", " this", " mult", "id", "is", "cipl", "inary", " index", ".", " The", " Web", " of", " Science", " Core", " Collection", " is", " updated", " regularly", ",", " so", " the", " arts", " and", " human", "ities", " content", " is", " still", " being", " maintained", " and", " index", "ed", "."]}
{"id": "val-en-26", "question": "Is the Arts and Humanities Citation Index still maintained?", "model_id": "mistral-7b-instruct-v0.2.Q6_K.gguf", "lang": "EN", "response_index": 1, "output_text": " The Arts and Humanities Citation Index (AHCI) is not a standalone database anymore. It was merged with the Web of Science Core Collection in 1997. The Web of Science Core Collection is updated regularly and is maintained by Clarivate Analytics. Therefore, the Arts and Humanities Citation Index is still \"maintained\" in a sense that it is part of the larger Web of Science database, which is continually updated with new data.", "output_tokens": [" The", " Arts", " and", " Human", "ities", " C", "itation", " Index", " (", "AH", "CI", ")", " is", " not", " a", " stand", "alone", " database", " anymore", ".", " It", " was", " merged", " with", " the", " Web", " of", " Science", " Core", " Collection", " in", " ", "1", "9", "9", "7", ".", " The", " Web", " of", " Science", " Core", " Collection", " is", " updated", " regularly", " and", " is", " maintained", " by", " Clar", "iv", "ate", " Anal", "ytics", ".", " Therefore", ",", " the", " Arts", " and", " Human", "ities", " C", "itation", " Index", " is", " still", " \"", "m", "aint", "ained", "\"", " in", " a", " sense", " that", " it", " is", " part", " of", " the", " larger", " Web", " of", " Science", " database", ",", " which", " is", " continually", " updated", " with", " new", " data", "."]}
{"id": "val-en-26", "question": "Is the Arts and Humanities Citation Index still maintained?", "model_id": "mistral-7b-instruct-v0.2.Q6_K.gguf", "lang": "EN", "response_index": 2, "output_text": " The Arts and Humanities Citation Index (AHCI) is not a standalone database anymore. It was merged with the Web of Science Core Collection in 1997 and is now part of this multidisciplinary index. The Web of Science Core Collection is updated regularly, so the arts and humanities content is still being maintained and indexed.", "output_tokens": [" The", " Arts", " and", " Human", "ities", " C", "itation", " Index", " (", "AH", "CI", ")", " is", " not", " a", " stand", "alone", " database", " anymore", ".", " It", " was", " merged", " with", " the", " Web", " of", " Science", " Core", " Collection", " in", " ", "1", "9", "9", "7", " and", " is", " now", " part", " of", " this", " mult", "id", "is", "cipl", "inary", " index", ".", " The", " Web", " of", " Science", " Core", " Collection", " is", " updated", " regularly", ",", " so", " the", " arts", " and", " human", "ities", " content", " is", " still", " being", " maintained", " and", " index", "ed", "."]}
{"id": "val-en-26", "question": "Is the Arts and Humanities Citation Index still maintained?", "model_id": "mistral-7b-instruct-v0.2.Q6_K.gguf", "lang": "EN", "response_index": 3, "output_text": " The Arts and Humanities Citation Index (AHCI) is not a standalone database anymore. It was merged with the Web of Science Core Collection in 1997 and is now part of this multidisciplinary index. The Web of Science Core Collection is updated regularly, so the arts and humanities content is still being maintained and indexed.", "output_tokens": [" The", " Arts", " and", " Human", "ities", " C", "itation", " Index", " (", "AH", "CI", ")", " is", " not", " a", " stand", "alone", " database", " anymore", ".", " It", " was", " merged", " with", " the", " Web", " of", " Science", " Core", " Collection", " in", " ", "1", "9", "9", "7", " and", " is", " now", " part", " of", " this", " mult", "id", "is", "cipl", "inary", " index", ".", " The", " Web", " of", " Science", " Core", " Collection", " is", " updated", " regularly", ",", " so", " the", " arts", " and", " human", "ities", " content", " is", " still", " being", " maintained", " and", " index", "ed", "."]}
{"id": "val-en-26", "question": "Is the Arts and Humanities Citation Index still maintained?", "model_id": "mistral-7b-instruct-v0.2.Q6_K.gguf", "lang": "EN", "response_index": 4, "output_text": " The Arts and Humanities Citation Index (AHCI) is not a standalone database anymore. It was merged with the Web of Science Core Collection in 1997 and is now part of this multidisciplinary index. The Web of Science Core Collection is updated regularly, so the arts and humanities content is still being maintained and indexed.", "output_tokens": [" The", " Arts", " and", " Human", "ities", " C", "itation", " Index", " (", "AH", "CI", ")", " is", " not", " a", " stand", "alone", " database", " anymore", ".", " It", " was", " merged", " with", " the", " Web", " of", " Science", " Core", " Collection", " in", " ", "1", "9", "9", "7", " and", " is", " now", " part", " of", " this", " mult", "id", "is", "cipl", "inary", " index", ".", " The", " Web", " of", " Science", " Core", " Collection", " is", " updated", " regularly", ",", " so", " the", " arts", " and", " human", "ities", " content", " is", " still", " being", " maintained", " and", " index", "ed", "."]}
{"id": "val-en-28", "question": "Who was the first physician to treat patients for cerebral palsy? ", "model_id": "mistral-7b-instruct-v0.2.Q6_K.gguf", "lang": "EN", "response_index": 0, "output_text": " It is not possible to identify a single physician as the first to treat patients with cerebral palsy, as the condition was likely not recognized as a distinct entity until the late 19th century. The symptoms of cerebral palsy, which include muscle spasticity, weakness, and coordination problems, have been described in medical literature since ancient times, but it was not until the late 1800s that doctors began to identify a common cause for these symptoms.\n\nOne of the earliest doctors to describe and write about cerebral palsy was Dr. Sigmund Freud, although his understanding of the condition was limited. In 1897, Freud published a case study of a patient with \"spastic hemiplegia,\" which is a type of cerebral palsy that affects one side of the body. Freud noted that the patient's symptoms were likely due to damage to the brain during birth, but he did not have a clear understanding of the underlying causes or effective treatments.\n\nOther doctors, such as Dr. William John Little and Dr. Sir William Osler, also wrote about cerebral palsy and its symptoms in the late 1800s and early 1900s. They described various treatments, including massage, hydrotherapy, and the use of braces and splints, but there was no effective cure for the condition at that time.\n\nIt was not until the mid-20th century that advances in medical research and technology led to the development of more effective treatments for cerebral palsy, such as surgery, physical therapy, and medication.", "output_tokens": [" It", " is", " not", " possible", " to", " identify", " a", " single", " physician", " as", " the", " first", " to", " treat", " patients", " with", " cere", "br", "al", " p", "als", "y", ",", " as", " the", " condition", " was", " likely", " not", " recognized", " as", " a", " distinct", " entity", " until", " the", " late", " ", "1", "9", "th", " century", ".", " The", " symptoms", " of", " cere", "br", "al", " p", "als", "y", ",", " which", " include", " muscle", " sp", "astic", "ity", ",", " weakness", ",", " and", " coord", "ination", " problems", ",", " have", " been", " described", " in", " medical", " literature", " since", " ancient", " times", ",", " but", " it", " was", " not", " until", " the", " late", " ", "1", "8", "0", "0", "s", " that", " doctors", " began", " to", " identify", " a", " common", " cause", " for", " these", " symptoms", ".", "\n", "\n", "One", " of", " the", " earliest", " doctors", " to", " describe", " and", " write", " about", " cere", "br", "al", " p", "als", "y", " was", " Dr", ".", " Sig", "mund", " Freud", ",", " although", " his", " understanding", " of", " the", " condition", " was", " limited", ".", " In", " ", "1", "8", "9", "7", ",", " Freud", " published", " a", " case", " study", " of", " a", " patient", " with", " \"", "sp", "astic", " hem", "ip", "leg", "ia", ",\"", " which", " is", " a", " type", " of", " cere", "br", "al", " p", "als", "y", " that", " affects", " one", " side", " of", " the", " body", ".", " Freud", " noted", " that", " the", " patient", "'", "s", " symptoms", " were", " likely", " due", " to", " damage", " to", " the", " brain", " during", " birth", ",", " but", " he", " did", " not", " have", " a", " clear", " understanding", " of", " the", " underlying", " causes", " or", " effective", " treatments", ".", "\n", "\n", "Other", " doctors", ",", " such", " as", " Dr", ".", " William", " John", " Little", " and", " Dr", ".", " Sir", " William", " Os", "ler", ",", " also", " wrote", " about", " cere", "br", "al", " p", "als", "y", " and", " its", " symptoms", " in", " the", " late", " ", "1", "8", "0", "0", "s", " and", " early", " ", "1", "9", "0", "0", "s", ".", " They", " described", " various", " treatments", ",", " including", " massage", ",", " hydro", "ther", "apy", ",", " and", " the", " use", " of", " br", "aces", " and", " spl", "int", "s", ",", " but", " there", " was", " no", " effective", " cure", " for", " the", " condition", " at", " that", " time", ".", "\n", "\n", "It", " was", " not", " until", " the", " mid", "-", "2", "0", "th", " century", " that", " advances", " in", " medical", " research", " and", " technology", " led", " to", " the", " development", " of", " more", " effective", " treatments", " for", " cere", "br", "al", " p", "als", "y", ",", " such", " as", " surgery", ",", " physical", " therapy", ",", " and", " medication", "."]}
{"id": "val-en-28", "question": "Who was the first physician to treat patients for cerebral palsy? ", "model_id": "mistral-7b-instruct-v0.2.Q6_K.gguf", "lang": "EN", "response_index": 1, "output_text": " It is not possible to identify a single physician as the first to treat patients with cerebral palsy, as the condition was not formally identified and described until the late 19th century. The symptoms of cerebral palsy, which include muscle spasticity, impaired coordination, and other motor disorders, were recognized and addressed by medical professionals throughout history, but the condition was not diagnosed as a distinct entity until the work of English physician William John Little in 1861. Little described a group of children with \"convulsive and paralytic conditions of the brain\" and coined the term \"infantile cerebral paralysis.\" However, it is important to note that the understanding and treatment of cerebral palsy have evolved significantly since Little's time, and current approaches to diagnosis and care are much more comprehensive and effective.", "output_tokens": [" It", " is", " not", " possible", " to", " identify", " a", " single", " physician", " as", " the", " first", " to", " treat", " patients", " with", " cere", "br", "al", " p", "als", "y", ",", " as", " the", " condition", " was", " not", " formally", " identified", " and", " described", " until", " the", " late", " ", "1", "9", "th", " century", ".", " The", " symptoms", " of", " cere", "br", "al", " p", "als", "y", ",", " which", " include", " muscle", " sp", "astic", "ity", ",", " imp", "aired", " coord", "ination", ",", " and", " other", " motor", " disorders", ",", " were", " recognized", " and", " addressed", " by", " medical", " professionals", " throughout", " history", ",", " but", " the", " condition", " was", " not", " diagnosed", " as", " a", " distinct", " entity", " until", " the", " work", " of", " English", " physician", " William", " John", " Little", " in", " ", "1", "8", "6", "1", ".", " Little", " described", " a", " group", " of", " children", " with", " \"", "conv", "uls", "ive", " and", " par", "al", "yt", "ic", " conditions", " of", " the", " brain", "\"", " and", " co", "ined", " the", " term", " \"", "inf", "ant", "ile", " cere", "br", "al", " par", "al", "ysis", ".\"", " However", ",", " it", " is", " important", " to", " note", " that", " the", " understanding", " and", " treatment", " of", " cere", "br", "al", " p", "als", "y", " have", " evolved", " significantly", " since", " Little", "'", "s", " time", ",", " and", " current", " approaches", " to", " diagnosis", " and", " care", " are", " much", " more", " comprehensive", " and", " effective", "."]}
{"id": "val-en-28", "question": "Who was the first physician to treat patients for cerebral palsy? ", "model_id": "mistral-7b-instruct-v0.2.Q6_K.gguf", "lang": "EN", "response_index": 2, "output_text": " It is not possible to identify a single physician as the first to treat patients with cerebral palsy, as the condition was not formally identified and described until the late 19th century. The earliest recorded descriptions of what we now recognize as cerebral palsy date back to the 16th and 17th centuries, but these descriptions were not comprehensive or consistent, and the condition was not yet recognized as a distinct entity.\n\nThe term \"cerebral palsy\" was first used by English physician William John Little in 1861, and it was not until the late 19th and early 20th centuries that the condition began to be systematically studied and treated. Early treatments for cerebral palsy focused on managing the symptoms and improving function through physical therapy, orthopedic interventions, and educational support. Some of the early pioneers in the field of cerebral palsy treatment include:\n\n* Edward Shorter (1854-1933), a British orthopedic surgeon who developed the Shorter method of treating spasticity with serial plaster casts.\n* Florence Nightingale (1820-1910), a British nurse and social reformer who advocated for the importance of early intervention and rehabilitation for children with disabilities, including those with cerebral palsy.\n* Ida C. Rolf (1896-1979), an American physiotherapist who developed the Rolfing method of deep tissue manipulation and structural integration, which has been used to help improve posture and mobility in people with cerebral palsy.\n\nThese and other early practitioners laid the groundwork for the modern approach to treating cerebral palsy, which focuses on a multidisciplinary approach that addresses the physical, cognitive, and social needs of individuals with the condition. Today, treatment for cerebral palsy may include physical therapy, occupational therapy, speech therapy, medication, surgery, and educational support, among other interventions.", "output_tokens": [" It", " is", " not", " possible", " to", " identify", " a", " single", " physician", " as", " the", " first", " to", " treat", " patients", " with", " cere", "br", "al", " p", "als", "y", ",", " as", " the", " condition", " was", " not", " formally", " identified", " and", " described", " until", " the", " late", " ", "1", "9", "th", " century", ".", " The", " earliest", " recorded", " descriptions", " of", " what", " we", " now", " recognize", " as", " cere", "br", "al", " p", "als", "y", " date", " back", " to", " the", " ", "1", "6", "th", " and", " ", "1", "7", "th", " centuries", ",", " but", " these", " descriptions", " were", " not", " comprehensive", " or", " consistent", ",", " and", " the", " condition", " was", " not", " yet", " recognized", " as", " a", " distinct", " entity", ".", "\n", "\n", "The", " term", " \"", "c", "ere", "br", "al", " p", "als", "y", "\"", " was", " first", " used", " by", " English", " physician", " William", " John", " Little", " in", " ", "1", "8", "6", "1", ",", " and", " it", " was", " not", " until", " the", " late", " ", "1", "9", "th", " and", " early", " ", "2", "0", "th", " centuries", " that", " the", " condition", " began", " to", " be", " system", "atically", " studied", " and", " treated", ".", " Early", " treatments", " for", " cere", "br", "al", " p", "als", "y", " focused", " on", " managing", " the", " symptoms", " and", " improving", " function", " through", " physical", " therapy", ",", " orth", "oped", "ic", " inter", "ventions", ",", " and", " educational", " support", ".", " Some", " of", " the", " early", " pione", "ers", " in", " the", " field", " of", " cere", "br", "al", " p", "als", "y", " treatment", " include", ":", "\n", "\n", "*", " Edward", " Sh", "orter", " (", "1", "8", "5", "4", "-", "1", "9", "3", "3", "),", " a", " British", " orth", "oped", "ic", " sur", "geon", " who", " developed", " the", " Sh", "orter", " method", " of", " treating", " sp", "astic", "ity", " with", " serial", " pl", "aster", " cast", "s", ".", "\n", "*", " Florence", " Night", "ing", "ale", " (", "1", "8", "2", "0", "-", "1", "9", "1", "0", "),", " a", " British", " nurse", " and", " social", " reform", "er", " who", " advoc", "ated", " for", " the", " importance", " of", " early", " intervention", " and", " re", "habil", "itation", " for", " children", " with", " dis", "abilities", ",", " including", " those", " with", " cere", "br", "al", " p", "als", "y", ".", "\n", "*", " I", "da", " C", ".", " R", "olf", " (", "1", "8", "9", "6", "-", "1", "9", "7", "9", "),", " an", " American", " phys", "i", "other", "ap", "ist", " who", " developed", " the", " R", "olf", "ing", " method", " of", " deep", " tissue", " manip", "ulation", " and", " structural", " integration", ",", " which", " has", " been", " used", " to", " help", " improve", " post", "ure", " and", " mobility", " in", " people", " with", " cere", "br", "al", " p", "als", "y", ".", "\n", "\n", "These", " and", " other", " early", " practition", "ers", " laid", " the", " ground", "work", " for", " the", " modern", " approach", " to", " treating", " cere", "br", "al", " p", "als", "y", ",", " which", " focuses", " on", " a", " mult", "id", "is", "cipl", "inary", " approach", " that", " addresses", " the", " physical", ",", " cognitive", ",", " and", " social", " needs", " of", " individuals", " with", " the", " condition", ".", " Today", ",", " treatment", " for", " cere", "br", "al", " p", "als", "y", " may", " include", " physical", " therapy", ",", " occup", "ational", " therapy", ",", " speech", " therapy", ",", " medication", ",", " surgery", ",", " and", " educational", " support", ",", " among", " other", " inter", "ventions", "."]}
{"id": "val-en-28", "question": "Who was the first physician to treat patients for cerebral palsy? ", "model_id": "mistral-7b-instruct-v0.2.Q6_K.gguf", "lang": "EN", "response_index": 3, "output_text": " It is not possible to identify a single physician as the first to treat patients with cerebral palsy, as the condition was not formally identified and described until the late 19th century. The symptoms of cerebral palsy had been observed and described in medical literature for centuries before that, but it was not until the work of British physicians William John Little and Sir William Osler in the late 1800s that the condition began to be recognized as a distinct neurological disorder. Little is often credited with being the first to describe the condition in detail, but he did not treat it specifically as we do today. The first effective treatments for cerebral palsy did not become available until the mid-20th century, with the development of physical therapy, occupational therapy, and other rehabilitative approaches.", "output_tokens": [" It", " is", " not", " possible", " to", " identify", " a", " single", " physician", " as", " the", " first", " to", " treat", " patients", " with", " cere", "br", "al", " p", "als", "y", ",", " as", " the", " condition", " was", " not", " formally", " identified", " and", " described", " until", " the", " late", " ", "1", "9", "th", " century", ".", " The", " symptoms", " of", " cere", "br", "al", " p", "als", "y", " had", " been", " observed", " and", " described", " in", " medical", " literature", " for", " centuries", " before", " that", ",", " but", " it", " was", " not", " until", " the", " work", " of", " British", " phys", "icians", " William", " John", " Little", " and", " Sir", " William", " Os", "ler", " in", " the", " late", " ", "1", "8", "0", "0", "s", " that", " the", " condition", " began", " to", " be", " recognized", " as", " a", " distinct", " neu", "rolog", "ical", " disorder", ".", " Little", " is", " often", " cred", "ited", " with", " being", " the", " first", " to", " describe", " the", " condition", " in", " detail", ",", " but", " he", " did", " not", " treat", " it", " specifically", " as", " we", " do", " today", ".", " The", " first", " effective", " treatments", " for", " cere", "br", "al", " p", "als", "y", " did", " not", " become", " available", " until", " the", " mid", "-", "2", "0", "th", " century", ",", " with", " the", " development", " of", " physical", " therapy", ",", " occup", "ational", " therapy", ",", " and", " other", " re", "habil", "itative", " approaches", "."]}
{"id": "val-en-28", "question": "Who was the first physician to treat patients for cerebral palsy? ", "model_id": "mistral-7b-instruct-v0.2.Q6_K.gguf", "lang": "EN", "response_index": 4, "output_text": " It is not possible to identify a single physician as the first to treat patients with cerebral palsy, as the condition was not formally identified and described until the late 19th century. The symptoms of cerebral palsy, which include muscle spasticity, impaired coordination, and other motor disorders, were recognized and addressed by medical professionals throughout history, but the condition was not recognized as a distinct entity until the work of British physicians William John Little and Sir William Osler in the late 1800s. Little is often credited with being the first to describe the condition in detail, but it is important to note that there were likely many physicians who treated patients with similar symptoms before this time.", "output_tokens": [" It", " is", " not", " possible", " to", " identify", " a", " single", " physician", " as", " the", " first", " to", " treat", " patients", " with", " cere", "br", "al", " p", "als", "y", ",", " as", " the", " condition", " was", " not", " formally", " identified", " and", " described", " until", " the", " late", " ", "1", "9", "th", " century", ".", " The", " symptoms", " of", " cere", "br", "al", " p", "als", "y", ",", " which", " include", " muscle", " sp", "astic", "ity", ",", " imp", "aired", " coord", "ination", ",", " and", " other", " motor", " disorders", ",", " were", " recognized", " and", " addressed", " by", " medical", " professionals", " throughout", " history", ",", " but", " the", " condition", " was", " not", " recognized", " as", " a", " distinct", " entity", " until", " the", " work", " of", " British", " phys", "icians", " William", " John", " Little", " and", " Sir", " William", " Os", "ler", " in", " the", " late", " ", "1", "8", "0", "0", "s", ".", " Little", " is", " often", " cred", "ited", " with", " being", " the", " first", " to", " describe", " the", " condition", " in", " detail", ",", " but", " it", " is", " important", " to", " note", " that", " there", " were", " likely", " many", " phys", "icians", " who", " treated", " patients", " with", " similar", " symptoms", " before", " this", " time", "."]}
{"id": "val-en-30", "question": "What was Valrico, Florida known as before the Civil War?", "model_id": "mistral-7b-instruct-v0.2.Q6_K.gguf", "lang": "EN", "response_index": 0, "output_text": " I couldn't find any definitive information about what Valrico, Florida was known as before the Civil War. The name Valrico is believed to have originated from the Spanish term \"valle Rico,\" which means rich valley. However, there isn't any historical evidence that clearly indicates this was the name of the area before the Civil War. The earliest recorded usage of the name Valrico was in the late 1800s. Before that, the area was likely referred to by the names of nearby settlements or natural features.", "output_tokens": [" I", " couldn", "'", "t", " find", " any", " definit", "ive", " information", " about", " what", " Val", "rico", ",", " Florida", " was", " known", " as", " before", " the", " Civil", " War", ".", " The", " name", " Val", "rico", " is", " believed", " to", " have", " origin", "ated", " from", " the", " Spanish", " term", " \"", "val", "le", " Rico", ",\"", " which", " means", " rich", " valley", ".", " However", ",", " there", " isn", "'", "t", " any", " historical", " evidence", " that", " clearly", " indicates", " this", " was", " the", " name", " of", " the", " area", " before", " the", " Civil", " War", ".", " The", " earliest", " recorded", " usage", " of", " the", " name", " Val", "rico", " was", " in", " the", " late", " ", "1", "8", "0", "0", "s", ".", " Before", " that", ",", " the", " area", " was", " likely", " referred", " to", " by", " the", " names", " of", " nearby", " settlement", "s", " or", " natural", " features", "."]}
{"id": "val-en-30", "question": "What was Valrico, Florida known as before the Civil War?", "model_id": "mistral-7b-instruct-v0.2.Q6_K.gguf", "lang": "EN", "response_index": 1, "output_text": " I apologize for any confusion, but there is no clear answer as to what Valrico, Florida was known as before the Civil War. The area that is now Valrico was likely uninhabited or sparsely populated by European settlers before the Civil War. The first permanent settlement in the Valrico area was established in the late 1800s, and the community was not incorporated until 1913. Therefore, it is unlikely that Valrico had a well-known name before the Civil War.", "output_tokens": [" I", " apolog", "ize", " for", " any", " confusion", ",", " but", " there", " is", " no", " clear", " answer", " as", " to", " what", " Val", "rico", ",", " Florida", " was", " known", " as", " before", " the", " Civil", " War", ".", " The", " area", " that", " is", " now", " Val", "rico", " was", " likely", " un", "in", "hab", "ited", " or", " sp", "ars", "ely", " pop", "ulated", " by", " European", " sett", "lers", " before", " the", " Civil", " War", ".", " The", " first", " permanent", " settlement", " in", " the", " Val", "rico", " area", " was", " established", " in", " the", " late", " ", "1", "8", "0", "0", "s", ",", " and", " the", " community", " was", " not", " incorporated", " until", " ", "1", "9", "1", "3", ".", " Therefore", ",", " it", " is", " unlikely", " that", " Val", "rico", " had", " a", " well", "-", "known", " name", " before", " the", " Civil", " War", "."]}
{"id": "val-en-30", "question": "What was Valrico, Florida known as before the Civil War?", "model_id": "mistral-7b-instruct-v0.2.Q6_K.gguf", "lang": "EN", "response_index": 2, "output_text": " Before the Civil War, Valrico, Florida was known as Bloomingdale or Bloomingdale Settlement. It was named after a blooming orange tree that stood near the spring where the community was established. The name Valrico emerged after the Civil War. The exact origin of the name Valrico is unclear, but it is believed to have been derived from the Spanish words \"valle Rico,\" meaning rich valley.", "output_tokens": [" Before", " the", " Civil", " War", ",", " Val", "rico", ",", " Florida", " was", " known", " as", " Blo", "oming", "dale", " or", " Blo", "oming", "dale", " S", "ett", "lement", ".", " It", " was", " named", " after", " a", " blo", "oming", " orange", " tree", " that", " stood", " near", " the", " spring", " where", " the", " community", " was", " established", ".", " The", " name", " Val", "rico", " emerged", " after", " the", " Civil", " War", ".", " The", " exact", " origin", " of", " the", " name", " Val", "rico", " is", " un", "clear", ",", " but", " it", " is", " believed", " to", " have", " been", " derived", " from", " the", " Spanish", " words", " \"", "val", "le", " Rico", ",\"", " meaning", " rich", " valley", "."]}
{"id": "val-en-30", "question": "What was Valrico, Florida known as before the Civil War?", "model_id": "mistral-7b-instruct-v0.2.Q6_K.gguf", "lang": "EN", "response_index": 3, "output_text": " Before the Civil War, Valrico, Florida was known as Bloomingdale or Bloomingdale Settlement. It was named after a large blooming tree, which was likely a magnolia tree, that grew in the area. The name Valrico emerged after the Civil War. The exact origin of the name Valrico is unclear, but it is believed to have been derived from the Spanish words \"valle Rico,\" meaning rich valley.", "output_tokens": [" Before", " the", " Civil", " War", ",", " Val", "rico", ",", " Florida", " was", " known", " as", " Blo", "oming", "dale", " or", " Blo", "oming", "dale", " S", "ett", "lement", ".", " It", " was", " named", " after", " a", " large", " blo", "oming", " tree", ",", " which", " was", " likely", " a", " magn", "olia", " tree", ",", " that", " grew", " in", " the", " area", ".", " The", " name", " Val", "rico", " emerged", " after", " the", " Civil", " War", ".", " The", " exact", " origin", " of", " the", " name", " Val", "rico", " is", " un", "clear", ",", " but", " it", " is", " believed", " to", " have", " been", " derived", " from", " the", " Spanish", " words", " \"", "val", "le", " Rico", ",\"", " meaning", " rich", " valley", "."]}
{"id": "val-en-30", "question": "What was Valrico, Florida known as before the Civil War?", "model_id": "mistral-7b-instruct-v0.2.Q6_K.gguf", "lang": "EN", "response_index": 4, "output_text": " I couldn't find any definitive information about what Valrico, Florida was known as before the Civil War. The name Valrico is believed to have originated from the Spanish term \"valle Rico,\" which means rich valley. However, there isn't any historical evidence that clearly indicates this was the name of the area before the Civil War. The earliest recorded use of the name Valrico was in the late 1800s. Before that, the area was likely referred to by various names reflecting the native vegetation or the families who lived there.", "output_tokens": [" I", " couldn", "'", "t", " find", " any", " definit", "ive", " information", " about", " what", " Val", "rico", ",", " Florida", " was", " known", " as", " before", " the", " Civil", " War", ".", " The", " name", " Val", "rico", " is", " believed", " to", " have", " origin", "ated", " from", " the", " Spanish", " term", " \"", "val", "le", " Rico", ",\"", " which", " means", " rich", " valley", ".", " However", ",", " there", " isn", "'", "t", " any", " historical", " evidence", " that", " clearly", " indicates", " this", " was", " the", " name", " of", " the", " area", " before", " the", " Civil", " War", ".", " The", " earliest", " recorded", " use", " of", " the", " name", " Val", "rico", " was", " in", " the", " late", " ", "1", "8", "0", "0", "s", ".", " Before", " that", ",", " the", " area", " was", " likely", " referred", " to", " by", " various", " names", " reflect", "ing", " the", " native", " veget", "ation", " or", " the", " families", " who", " lived", " there", "."]}
{"id": "val-en-34", "question": "When was Toru\u0144 part of the Hanseatic League?", "model_id": "mistral-7b-instruct-v0.2.Q6_K.gguf", "lang": "EN", "response_index": 0, "output_text": " Toru\u0144, also known as Thorn in German, was a member of the Hanseatic League from the late 13th century until the end of the 16th century. The exact dates of Toru\u0144's membership in the Hanseatic League are not well-documented, but it is known that the city joined the league during its early period of expansion. The Hanseatic League was a commercial and defensive alliance of European towns and cities, primarily in North and Central Europe, that existed from the late Middle Ages until the 17th century.", "output_tokens": [" Tor", "u", "\u0144", ",", " also", " known", " as", " Th", "orn", " in", " German", ",", " was", " a", " member", " of", " the", " Han", "se", "atic", " League", " from", " the", " late", " ", "1", "3", "th", " century", " until", " the", " end", " of", " the", " ", "1", "6", "th", " century", ".", " The", " exact", " dates", " of", " Tor", "u", "\u0144", "'", "s", " membership", " in", " the", " Han", "se", "atic", " League", " are", " not", " well", "-", "document", "ed", ",", " but", " it", " is", " known", " that", " the", " city", " joined", " the", " league", " during", " its", " early", " period", " of", " expansion", ".", " The", " Han", "se", "atic", " League", " was", " a", " commercial", " and", " defensive", " alliance", " of", " European", " towns", " and", " cities", ",", " primarily", " in", " North", " and", " Central", " Europe", ",", " that", " existed", " from", " the", " late", " Middle", " A", "ges", " until", " the", " ", "1", "7", "th", " century", "."]}
{"id": "val-en-34", "question": "When was Toru\u0144 part of the Hanseatic League?", "model_id": "mistral-7b-instruct-v0.2.Q6_K.gguf", "lang": "EN", "response_index": 1, "output_text": " Toru\u0144, also known as Thorn in German, was a member of the Hanseatic League from the late 13th century until the end of the 16th century. The exact dates of Toru\u0144's membership in the Hanseatic League are not well-documented, but it is known that the city joined the league during its early period of expansion. The Hanseatic League was a commercial and defensive alliance of European towns and cities, primarily in North and Central Europe, that existed from the late Middle Ages until the 17th century.", "output_tokens": [" Tor", "u", "\u0144", ",", " also", " known", " as", " Th", "orn", " in", " German", ",", " was", " a", " member", " of", " the", " Han", "se", "atic", " League", " from", " the", " late", " ", "1", "3", "th", " century", " until", " the", " end", " of", " the", " ", "1", "6", "th", " century", ".", " The", " exact", " dates", " of", " Tor", "u", "\u0144", "'", "s", " membership", " in", " the", " Han", "se", "atic", " League", " are", " not", " well", "-", "document", "ed", ",", " but", " it", " is", " known", " that", " the", " city", " joined", " the", " league", " during", " its", " early", " period", " of", " expansion", ".", " The", " Han", "se", "atic", " League", " was", " a", " commercial", " and", " defensive", " alliance", " of", " European", " towns", " and", " cities", ",", " primarily", " in", " North", " and", " Central", " Europe", ",", " that", " existed", " from", " the", " late", " Middle", " A", "ges", " until", " the", " ", "1", "7", "th", " century", "."]}
{"id": "val-en-34", "question": "When was Toru\u0144 part of the Hanseatic League?", "model_id": "mistral-7b-instruct-v0.2.Q6_K.gguf", "lang": "EN", "response_index": 2, "output_text": " Toru\u0144, also known as Thorn in German, was a member of the Hanseatic League from the late 13th century until the end of the 16th century. The exact dates of Toru\u0144's membership in the Hanseatic League are not well-documented, but it is known that the city joined the league during its early period of expansion. The Hanseatic League was a commercial and defensive alliance of European towns and cities, primarily in North and Central Europe, that existed from the late Middle Ages until the 17th century.", "output_tokens": [" Tor", "u", "\u0144", ",", " also", " known", " as", " Th", "orn", " in", " German", ",", " was", " a", " member", " of", " the", " Han", "se", "atic", " League", " from", " the", " late", " ", "1", "3", "th", " century", " until", " the", " end", " of", " the", " ", "1", "6", "th", " century", ".", " The", " exact", " dates", " of", " Tor", "u", "\u0144", "'", "s", " membership", " in", " the", " Han", "se", "atic", " League", " are", " not", " well", "-", "document", "ed", ",", " but", " it", " is", " known", " that", " the", " city", " joined", " the", " league", " during", " its", " early", " period", " of", " expansion", ".", " The", " Han", "se", "atic", " League", " was", " a", " commercial", " and", " defensive", " alliance", " of", " European", " towns", " and", " cities", ",", " primarily", " in", " North", " and", " Central", " Europe", ",", " that", " existed", " from", " the", " late", " Middle", " A", "ges", " until", " the", " ", "1", "7", "th", " century", "."]}
{"id": "val-en-34", "question": "When was Toru\u0144 part of the Hanseatic League?", "model_id": "mistral-7b-instruct-v0.2.Q6_K.gguf", "lang": "EN", "response_index": 3, "output_text": " Toru\u0144, also known as Thorn in German, was a member of the Hanseatic League from the late 13th century until the end of the 16th century. The exact dates of Toru\u0144's membership in the Hanseatic League are not well-documented, but it is known that the city joined the league during its early period of expansion. The Hanseatic League was a commercial and defensive alliance of European towns and cities, primarily in North and Central Europe, that existed from the late Middle Ages until the 17th century.", "output_tokens": [" Tor", "u", "\u0144", ",", " also", " known", " as", " Th", "orn", " in", " German", ",", " was", " a", " member", " of", " the", " Han", "se", "atic", " League", " from", " the", " late", " ", "1", "3", "th", " century", " until", " the", " end", " of", " the", " ", "1", "6", "th", " century", ".", " The", " exact", " dates", " of", " Tor", "u", "\u0144", "'", "s", " membership", " in", " the", " Han", "se", "atic", " League", " are", " not", " well", "-", "document", "ed", ",", " but", " it", " is", " known", " that", " the", " city", " joined", " the", " league", " during", " its", " early", " period", " of", " expansion", ".", " The", " Han", "se", "atic", " League", " was", " a", " commercial", " and", " defensive", " alliance", " of", " European", " towns", " and", " cities", ",", " primarily", " in", " North", " and", " Central", " Europe", ",", " that", " existed", " from", " the", " late", " Middle", " A", "ges", " until", " the", " ", "1", "7", "th", " century", "."]}
{"id": "val-en-34", "question": "When was Toru\u0144 part of the Hanseatic League?", "model_id": "mistral-7b-instruct-v0.2.Q6_K.gguf", "lang": "EN", "response_index": 4, "output_text": " Toru\u0144, also known as Thorn in German, was a member of the Hanseatic League from the late 13th century until the end of the 16th century. The exact dates of Toru\u0144's membership in the Hanseatic League are not well-documented, but it is known that the city joined the league around the same time as other Polish Hanseatic cities such as Gda\u0144sk (Danzig) and Elbl\u0105g (Elbing). The Hanseatic League was a commercial and defensive confederation of European towns and cities that reached its peak in the 14th and 15th centuries.", "output_tokens": [" Tor", "u", "\u0144", ",", " also", " known", " as", " Th", "orn", " in", " German", ",", " was", " a", " member", " of", " the", " Han", "se", "atic", " League", " from", " the", " late", " ", "1", "3", "th", " century", " until", " the", " end", " of", " the", " ", "1", "6", "th", " century", ".", " The", " exact", " dates", " of", " Tor", "u", "\u0144", "'", "s", " membership", " in", " the", " Han", "se", "atic", " League", " are", " not", " well", "-", "document", "ed", ",", " but", " it", " is", " known", " that", " the", " city", " joined", " the", " league", " around", " the", " same", " time", " as", " other", " Polish", " Han", "se", "atic", " cities", " such", " as", " G", "da", "\u0144sk", " (", "D", "anz", "ig", ")", " and", " El", "bl", "\u0105", "g", " (", "El", "bing", ").", " The", " Han", "se", "atic", " League", " was", " a", " commercial", " and", " defensive", " conf", "eder", "ation", " of", " European", " towns", " and", " cities", " that", " reached", " its", " peak", " in", " the", " ", "1", "4", "th", " and", " ", "1", "5", "th", " centuries", "."]}
